Nº;CANTON:;NOMBRE DEL LOCAL:;DIRECCIÓN:;A1;A2;B3;B4;C5;C6;C7;C8;C9;D10;D11;E12;E13;E14;E15;F161;F17;F18;G19;G20;G21;H22;H23;H24;I25;I26;I27;I281;J291;J30;K31
1;ROCAFUERTE;TALLER DE CERRAJERIA ZAMBRANO;La Californía;1,82;1,8;2,8;1;2,18;2;3,57;3,5;2;3,33;3,57;4,63;2,71;3,5;1,75;44 HORAS;1,71;3,2;1;1,64;5;1,67;3,67;1;1,33;2,2;2,17;2;800;2;3,94
2;SUCRE;VENTA DE ARROZ COOX;Cañitas;1,36;1;2,4;1,6;2;2;3,57;3,5;2;3,33;3,14;5;2,86;3,67;2;44 HORAS;1,71;3,6;1;1,64;5;2,5;3,67;1;1,17;2;2,17;2;1000;1,83;4
3;SUCRE;TALLER DE MECANICA FARIAS;Charapoto - Cristo Rey;1,55;1,4;2,2;1;1,18;1,57;3,14;3,5;2;3,33;3,14;4,25;1,86;3;1,75;44 HORAS;1,71;2,6;1,33;1,73;5;1,83;3,67;1;1,17;2;1,83;2;1100;2;4
4;SUCRE;TALLER AUTOMOTRIZ BERMUDEZ;Charapoto - Santa Teresa;1,36;1;2,8;1;1,73;1,43;3,14;3,5;2;3,33;4;4,13;1,86;3,33;1,5;48 HORAS;1,57;2,6;1;1,45;5;2,33;3,67;1;1,33;2;2;3;800;1,92;3,94
5;ROCAFUERTE;VENTA DE ARROZ GARCÍA;Av Don Bosco;1,27;1,4;1,4;1;1,82;1,57;3,14;2,5;2;2,67;5;5;1,29;2,83;1,38;45 HORAS;1,29;3,8;1;1,45;5;1,5;4,67;1;1;1;2,17;2;1500;2,33;3,39
6;SUCRE;CONFECCIONES MARÍA;Av Las Américas y Paquisha;1,64;1,4;2;1;2;1,43;3,43;5;5;4;5;3,88;2,86;1,67;1,63;52 HORAS;2,14;2;1;1,64;5;1,17;5;1,33;1,67;1,4;2,17;2;1200;1,75;4,28
7;ROCAFUERTE;DEPOSITO DE MADERA ROMERO;Callejón Ozaeta;1,55;1,8;1,4;2;1,55;1,71;4,14;4,33;2;4,11;5;5;2,14;3;1,88;48 HORAS;1,43;3;1;2,18;5;1,5;4;1;1,17;1,4;2,17;3;1200;1,67;4,67
8;ROCAFUERTE;REPARACIÓN DE BICICLETA ANGEL;Independencia y Atahualpa;1,82;1,4;2,2;2;1,36;2;4,43;3,67;2;4,11;5;4,5;2,71;2,67;1,75;47 HORAS;1,86;2,8;1;2,27;5;1,5;3,67;1;1;1,6;2,17;2;800;1,83;4,67
9;SUCRE;TIENDA TAURINO;Cañitas - Charapoto;1,64;1;1,8;1;1,18;1,29;3,86;5;5;4,11;5;5;2,57;3,33;1,88;50 HORAS;1,43;2,8;1;2,09;5;2,17;3,67;1,33;1,67;1,6;2;2;900;2;4,56
10;SUCRE;VENTA DE CERDO;Cañitas - Charapoto;2,36;1,2;2,4;2;2,18;1,57;4,14;4,33;2;4,11;3,14;5;2,29;3,67;1,75;45 HORAS;1,43;3,4;1;2,64;5;2;4;1;1,83;2;2,5;2;1100;2,25;4,72
11;ROCAFUERTE;PILADORA SANTA MONICA;San Eloy ;1,91;2;2,8;1,4;1,27;1,71;3,29;4;2;4,11;3,29;4,25;2,29;1,67;2;48 HORAS;1,86;3,2;1,67;2,18;5;1,67;3,67;2;1,33;2,2;2;2;2600;2;4,56
12;ROCAFUERTE;VENTA DE GANADO;Calle Bolivar y Santa Gema;1,64;1;2,6;2;1,73;1,86;3,86;4,33;1,333333333;4,11;5;4,25;2,14;2,33;1,63;46 HORAS;1,86;2,4;1;2,18;5;2;5;1;1,5;2,4;2,17;2;1800;1,5;4,78
13;ROCAFUERTE;FRIO COORP;Las Peñas;1,73;1;2,4;1;1,91;1,86;3,71;4,33;2;4,56;5;4,25;2,14;2,67;2;48 HORAS;1,43;2,8;1;1,82;5;1,5;3,67;1;1,17;2,6;2,33;2;1500;2;4,78
14;ROCAFUERTE;VENTA DE COCO;Valdez;1,91;1,4;2,8;1;1,18;2,14;4,57;4,33;2;4,11;5;5;2;3,67;1,88;50 HORAS;1,86;2,8;1;2,09;5;2;3,67;1;2,17;2,2;2,67;2;1100;1,83;4,83
15;SUCRE;VENTA DE ARROZ;Puerto Cañita - Charapoto;1;1;1,2;1;1,09;1,14;1;3,67;1;3,22;1;4,38;3,29;3,67;1,75;50 HORAS;1;4,6;1;1,64;4,833333333;2;5;1;1;1;2,33;2;1200;1,33;5
16;SUCRE;DISTRIBUIDOR DE EMBUTIDOS;Av Las Américas ;1,55;1;2,2;1,2;1,91;1,57;3,14;3,83;5;3;5;4,25;1,57;2;1,25;44 HORAS;1,86;2,6;1;1,91;5;1;4;1;1;1,2;2,5;2;1200;1,83;4,33
17;PORTOVIEJO;FARMACIA JORDANA;Parroquia Abdon Calderon;1,82;1;2;1;1,73;1,14;2,71;5;5;4,11;5;5;1,71;2,5;1,88;45 HORAS;1,43;3,2;1;1,55;5;1,5;5;1;1;1;2,33;1;1200;1;4,83
18;PORTOVIEJO;NOVEDADES FRANCIS;Parroquia Abdon Calderon;1;1,8;3,2;1,4;1,55;1,29;3,14;5;5;3,33;5;5;2,43;3,5;1,38;48 HORAS;1,57;2,8;1;1,55;5;2,17;4;1;1,33;1,2;2,33;2;900;1,5;4,67
19;PORTOVIEJO;FERRETERIA QUIROZ;Parroquia Abdon Calderon;1,55;1;2,4;1,4;2;1,29;4;5;5;4,11;5;4,88;1,71;2,33;1,88;48 HORAS;1,71;2,8;1;1,91;5;2;3,67;1;1;1,2;1,83;3;2100;1,67;4,5
20;PORTOVIEJO;JOSHUA'S PC;Cordova y Morales;1,27;1,4;2;1,6;2,18;1,14;1;3;1;2,67;1;3,75;3,14;2,67;1,88;48 HORAS;2,14;4;1;1,55;4;2;4;1;1,67;1,4;1,5;2;800;2;3,89
21;PORTOVIEJO;DISTRIBUIDORA PAWER CELL;Parroquia Abdon Calderon;1,09;1,8;3,2;1,4;2,55;0,14;3,43;5;5;3,67;5;5;2,71;3,67;1,63;48 HORAS;1,43;3,2;1;1,73;5;2,17;3,67;1;1;1,2;2,5;1;1200;1,83;4,67
22;PORTOVIEJO;SABOR CRIOLLO;Parroquia Abdon Calderon;1,27;1,2;2,8;1,2;1,36;1,71;3,29;5;5;4,11;5;5;2,29;3;1,5;48 HORAS;1,43;2,2;1,33;2,18;5;1;3,67;1;1;1,2;1,67;2;600;1,92;4,83
23;PORTOVIEJO;OPTICA GLASSES;Parroquia Abdon Calderon;1,27;1;1,6;1;1,73;1,14;3;2,5;1;2;1;5;4,43;2,83;1,88;56 HORAS;1,29;4,6;1;1,55;5;1,67;2,67;3;1;1;2,83;2;1000;1,83;4,67
24;ROCAFUERTE;VENTA DE ARROZ LOPÉZ;El Ceibal;1,45;1,2;2,8;1,6;1,36;1,86;4,57;5;5;4,11;5;5;2,57;4,33;1,5;48 HORAS;1,29;2,8;1;1,91;5;1,67;5;1;1;2;2,17;2;1500;2,17;4,72
25;ROCAFUERTE;VENTA DE ARROZ CUSME;San Andres;2;2,2;2,8;1;2,27;0,14;4;5;5;3,67;1,86;5;2,43;3,83;2,25;56 HORAS;2,29;3;1;2;5;2;5;1;2,17;1,8;2,5;1;1600;2,25;4,67
26;ROCAFUERTE;RIZAM;Calle Eloy Alfaro y Atahualpa;1,73;1,6;1,6;1;1,27;1,29;4,14;5;5;3,67;5;4,88;1,29;1,5;1,75;50 HORAS;1,71;2,6;1;2,18;5;1,5;3,67;1,33;1;1,2;2,5;2;1500;1,42;4,67
27;SUCRE;ELECTRICISTA CANTOS;Calle 10 de Agosto - Charapoto;1;1;1;1;1,09;1,14;1;2,5;1;3;1;2,75;2,29;2,67;1,75;50 HORAS;2,14;4;1;1,55;4,833333333;2;4;1;1;1;2;2;1400;1,33;3,89
28;ROCAFUERTE;VENTA DE FRUTAS Y VERDURAS ESMERALDAS;Calle Atanacio Santos;1;1;1;1;1,36;1,14;1;3;1;3,67;1;4,88;3;3,83;1,75;60 HORAS;2,43;3,2;1;1,55;5;2;4;1;1;1;2,33;2;1500;1,33;4,83
29;SUCRE;CD VEGA;Cañitas - Charapoto;1;1;1;1;1,36;1,14;1;2,5;1;3;1;4;2,86;3,83;1,75;64 HORAS;2,14;4;1;1,27;5;2;4;1;1;1;2;2;1000;1,33;4,83
30;SUCRE;VENTA DE ARROZ DEMERA;San Silvestre - Charapoto;1;1;1;1;1,36;1,14;1,14;3,67;1;3,11;1;3,5;3,71;3,17;1,5;50 HORAS;1,57;4,2;1;1,64;5;1,67;4;1;1;1;1,17;2;1000;1,33;3,89
31;SUCRE;HOSPEDAJE MUÑOZ;San Jacinto;1;1,2;1,4;1,2;1,18;1,14;1,29;3,67;1;3,33;1;4,25;2,71;4,33;1,63;66 HORAS;1,43;3,6;1;1,64;5;1,33;4;1;1;1;2,17;2;1200;1,33;4,72
32;ROCAFUERTE;CERRAJERIA ZAMBRANO;Calle 20 de Junio y Atahualpa;1;1;1;1;1,45;1,14;1;3,5;1;3,78;1;2,13;1,71;1,83;1,25;48 HORAS;1,43;3,6;1;1,64;5;1,33;4;1;1;1;2,33;2;1000;1,33;4,72
33;SUCRE;SERVICIOS CONTABLES MURILLO;Calle Francisco Pacheco y José Gilces;1;1;1;1;1,36;1,14;3,14;3,67;1;3,33;1;5;2,71;3,83;1;50 HORAS;1,43;3,6;1;1,64;5;1,33;4;1;1;1;2,17;2;1600;1,33;4,72
34;SUCRE;VENTA DE ROPA ZAMBRANO;Av Las Americas;1,27;1,6;1,4;1;1,18;2;2,29;4,5;2;3,67;5;5;2,57;3,83;1,75;48 HORAS;1,57;3;1;1,82;5;1,67;3,67;1,67;1,33;2;3,17;2;1200;2;4,61
35;ROCAFUERTE;PRODUCTOS LACTEOS CORRAL;Vìa Danzaín;1,27;1,6;2,2;2;1,82;1,71;3,43;5;5;4,33;5;5;2,29;2,67;1,88;48 HORAS;1,57;2,8;1,33;2;5;1,5;4;1;1,17;1,4;2;3;1600;1,92;4,67
36;ROCAFUERTE;VENTA DE MARISCO GARCIA;San Andres;1,27;1,2;1,6;1;2,36;1,14;1;3;2;3,33;1,86;3,25;2,86;2,5;1,75;66 HORAS;2,43;4;1;1,55;5;2,33;4;1;1;1;1,17;2;1000;2;4
37;PORTOVIEJO;DELICIOUS;Parroquia Abdon Calderon;1,91;1,4;2,8;1;1,45;1,14;3,29;5;5;4,11;1,14;4,25;2;1,83;1,75;48 HORAS;1,14;2,6;1;1,36;5;1,17;3,67;1;1,33;1,6;1,83;2;600;1,42;4,28
38;PORTOVIEJO;IMPRENTA Y PAPELERIA MERA;Av Del Ejercito (terminal terrestre);1,36;2;2;1;0,09;0,14;3,14;3,17;2;3,67;1,43;4,5;3,71;4;1,63;48 HORAS;2,29;3,6;1;1,64;5;1,5;4;1,33;1;1,4;2,17;2;1200;1,58;4,44
39;SUCRE;VENTA DE MARISCO JOSEFA;Quito Norte;1,36;1,6;2,4;1;1,91;1,14;3,57;5;5;3,33;5;4,5;1,86;2;1,75;40 HORAS;2,43;2,2;1;1,91;5;1,17;4;1;1,33;1,4;2,5;2;800;2,25;4,44
40;PORTOVIEJO;MOTOS VENZA;Parroquia Abdon Calderon;1,36;1,8;3;1;1,55;1,14;4,14;5;5;4,11;5;3,88;1,86;2,33;1,38;48 HORAS;1,43;2,6;1;1,64;5;1,67;3,67;1;1;1,4;2,33;2;2200;1,58;4,33
41;ROCAFUERTE;VENTA DE AGUA EN BIDON LEÓN;San Andres;1,91;2;2;1,4;2,18;1,14;2;2,83;2;1,78;4;4;2,29;2;1;56 HORAS;2;2,6;1;2;4,333333333;1;4;1;2;2;1;1;800;2;3,83
42;SUCRE;DEPOSITO DE MADERA ZAMBRANO;Av Las Américas;1,64;1,4;2;2,2;1,18;1,29;3,71;5;5;4,22;5;4,25;1,86;2,17;1,38;50 HORAS;1,86;4,4;1;2,36;5;1,33;3,67;1;1;1,8;2,33;2;1600;2,17;4,72
43;SUCRE;TAPICERIA MACIAS;Calle 10 de Agosto y Eloy Alfaro;1,82;1,4;3;2;1,82;2;3,43;5;5;4,11;5;4,25;2;2,33;1,88;48 HORAS;1,43;2,8;1;2,09;5;1,67;4;1;1;2;2;2;1200;1,92;4,5
44;SUCRE;VENTA DE COCO DELGADO;Cañitas;1,73;1,6;2,8;1;1,55;1,14;3,43;5;5;4,11;5;5;2,43;3,5;2;50 HORAS;2,57;2,8;1;2,27;5;2;3,67;1;1,33;1,2;3;2;1200;1,67;4,78
45;ROCAFUERTE;VENTA DE COSMETICOS;Calle Independencia;1,73;1,2;2,8;1;2;2,43;3,86;5;5;4,11;5;5;2,71;4,17;2;48 HORAS;1,29;3,4;1;2,36;5;1,5;5;1;2;1,8;2,33;2;600;2,25;3,72
46;ROCAFUERTE;VENTA DE ARTICULOS DEL HOGAR;Sosote;1,36;1,4;2,4;1;1,36;2,14;3,43;5;5;3,67;5;5;2,57;4,17;1,88;48 HORAS;1,29;3,4;1;1,91;5;1,83;5;1,33;1;1;2,33;1;1000;1,17;4,78
47;ROCAFUERTE;VENTA DE GALLINAS RODRIGUEZ;Danzarín;1,91;1,2;2,8;1;1,18;1,71;3,57;3,5;2;3,67;3,14;5;3;3,67;1,88;48 HORAS;1,71;3,4;1;2,18;5;2,17;3,67;1;1,5;2,6;2;2;800;1,92;4
48;SUCRE;AUTO FRENO Y ELECTROMECANICA GARCÍA ;Av Las Americas;1,55;1,2;2,2;1;1,18;1,71;3,14;4,33;2;4,11;5;4,25;2,57;3,33;2,13;48 HORAS;1,43;3,6;1,83;2,18;5;2,33;3,67;1;1,33;2;2,33;2;1000;2;5
49;ROCAFUERTE;VENTA DE PLASTICO MOREIRA;José Joaquín de Olmedo;1,73;1,8;2,4;1,8;1,09;1,57;3;4,33;2;4,11;4,43;5;3;3,83;2,25;48 HORAS;1,43;3,6;1,83;2,36;5;2,5;3,67;1;1,5;2,8;2;2;900;1,92;5
50;ROCAFUERTE;VENTA DE COCO;Puerto Loor;1,64;1,8;2,8;1,4;1,64;2,14;2,71;4,33;2;4,56;3,86;5;2,57;3,67;2,13;48 HORAS;1,71;3,8;1;1,91;5;2,33;3,67;1;1,17;2,4;2,5;2;1000;1,75;4,83
51;SUCRE;PISTA DE EVENTOS SALAZAR;Cañitas - Charapoto;1,82;1,8;1,4;1;2;2,43;3,71;4,33;2;4,11;3,86;4,63;2,43;3,67;2,38;48 HORAS;1,71;3,4;1,83;2,45;5;2,33;4;1;1,67;2,6;2,17;2;1300;1,67;4,89
52;SUCRE;EBANISTERIA AVILA;Cristo Rey - Charapoto;1,64;1,8;2,8;1;1,18;1,71;3,71;4,33;1;4,56;5;4,25;3;3,17;2;48 HORAS;1,57;3,2;1;2,09;5;2,5;3,67;1;1,17;2,4;2,5;2;1400;1,83;5
53;ROCAFUERTE;COMEDOR LOS GIRASOLES;Las Jaguas;2,09;1,6;2,8;1;2;2,43;4,14;4,33;2;4,56;3,86;4,75;2,71;3,17;2;48 HORAS;1,71;3,6;2,17;2;5;2;3,67;1;1,17;2;1,83;2;2000;2;4,83
54;SUCRE;DEPOSITO DE MADERA MURILLO;Bebedero;1,91;2;2,6;1,8;1,36;1,71;3;4,33;1;4,11;5;4,25;2,14;3,67;2,13;48 HORAS;1,57;3;1;1,82;5;2;4;1;1,33;2,2;2,67;2;1400;1,83;5
55;ROCAFUERTE;SALON DE BELLEZA ZAMBRANO;Atahualpa;1,64;1,8;2,6;1,6;1,91;1,86;4,14;4,33;2;4,11;5;4,63;3;3,33;1,88;48 HORAS;1,71;3,6;1;1,91;5;2,33;3,67;1,33;1,67;1,2;2,67;2;600;2;4,89
56;ROCAFUERTE;SERVIENTREGA;Av Don Bosco y Eloy Alfaro;1,73;1;2,4;1;1,91;2,29;3,14;3,5;2;3,33;4;5;2,57;3;1,88;48 HORAS;1,57;3,8;1;2;5;2;3,67;1;1,67;2;2;2;1320;2;4
57;ROCAFUERTE;VENTA DE BOCADITOS LOPEZ;Av Sucre;1,27;1;1,8;1;1,64;2,29;3,14;3,5;2;3,33;3,14;4,25;2,29;2,17;1,75;48 HORAS;1,71;3;1;1,45;5;1,67;3,67;1;1,33;2,4;2,5;2;800;2;4
58;ROCAFUERTE;MG-AGRO;Calle Eloy Alfaro ;1,82;1,8;2,2;1;1,64;2,29;2,29;3,5;2;3,33;4;3,88;2,43;2,33;2,13;48 HORAS;1,57;3;1;1,45;5;1,33;3,67;1;1;2,2;2;2;2000;3;4
59;PORTOVIEJO;VENTA DE MATERIALES DE CONSTRUCCIÒN;Crucita;1,36;1;1,6;1;1,73;2,14;3,14;3,5;2;3,33;4;5;2,29;3,5;2;48 HORAS;1,57;3,6;1;1,64;5;1,83;3,67;1;1;2;2;2;1200;2;4
60;ROCAFUERTE;SERVICIO DE TAXI;Pedro Carbo y Rocafuerte;1,73;1,8;2,8;1,8;1,18;1,71;2,29;3,5;2;3,33;4;4,5;3;3;1,88;52 HORAS;1,71;2,4;1;1,64;5;1,83;3,67;1;1,5;2,4;1,67;2;1200;2;4
61;ROCAFUERTE;TIENDA MENDOZA;Buenos Aires;1,64;1,2;2,8;1;1,18;1,86;3,57;3,5;2;3,33;3,14;5;2,86;3,67;2,13;48 HORAS;1,71;2,6;1,33;2,09;5;2,17;4;1;1,17;2,4;2;2;800;1,92;4
62;SUCRE;AUTOREPUESTOS SEZZ;Calle Eloy Alfaro y Santisteban;1,36;1;2,2;1;1,64;2;2,71;3,5;2;3,33;4;5;2,71;3,67;2;48 HORAS;1,71;3,6;1;1,82;5;2,17;3,67;1;1;2,4;2;2;1600;2;4
63;PORTOVIEJO;VENTA DE COCO CARREÑO;Riochico - El Pechiche;1,82;1,8;2,2;1,6;1,18;1,57;3,14;3,5;2;3,33;3,14;5;2,43;3,67;2,13;48 HORAS;1,71;3,2;1,17;1,82;5;2,17;3,67;1;1,33;2,2;2,17;2;1200;1,83;4
64;ROCAFUERTE;VENTA DE LUBRICANTES ZAMBRANO;La Recta;1,45;1;2,8;1;1,91;1,57;3,14;3,5;2;3,33;3,14;5;2,57;3,67;2,13;48 HORAS;1,57;3,6;1;2,09;5;2,17;3,67;1;1,5;2;2,17;2;2000;2;4
65;SUCRE;ELECTRONICA ZAMBRANO;Calle Manuel Cordova - Charapoto;1,27;1;2,8;1,4;1,64;2;3,14;3,5;2;3,67;4;4,13;2,43;3,17;1,63;48 HORAS;1,71;2,8;1;1,45;5;2,17;3,67;1;1,5;2;1,67;2;800;1;4
66;ROCAFUERTE;VENTA DE ARROZ CEDEÑO;Calle Daniel Rodriguez;1,64;1,8;2,8;1,8;1,18;2;3,14;3,5;2;3,33;4;5;3;3,67;1,75;48 HORAS;1,57;2,8;1;2;5;2,5;3,67;1;1,83;2,8;2,17;2;1000;1,83;3,94
67;SUCRE;R y K TARJETERIA Y COPIADORA;Calle 10 de agosto y Eloy Alfaro;1,91;1;2,4;1;1,55;1,43;2,71;3,5;2;3,33;3,14;4,63;2,71;3,67;2;48 HORAS;1,71;3,6;1;1,73;5;2,17;3,67;1;1,5;2;2;2;800;2;4
68;ROCAFUERTE;VENTA DE MARISCOS CARREÑO;San Jacinto - Charapoto;1,64;1,6;2,2;1;1,73;2;3,14;3,5;2;3,33;2,71;4,75;2,14;3,17;2;48 HORAS;1,71;3,6;1;1,82;5;2,17;3,67;1;1,33;2,4;2,17;2;1200;2;4
69;SUCRE;VENTA DE MARISCOS CHAVEZ;San Jacinto - Charapoto;1,82;1,6;2,2;1,6;2,27;2,29;2,29;3,5;2;3,33;2,71;4,38;2;2,5;2,38;56 HORAS;2,14;2,8;1,33;1,82;5;1,83;3,67;1;1,33;1,8;1,83;2;1000;1,92;3,94
70;ROCAFUERTE;TERCENA ZAMBRANO;Calle Pichincha e Independencia;1,64;2,2;2,8;1,4;1,64;2,14;3,14;3,5;2;3,33;3,14;4,13;1,86;3,17;2;48 HORAS;1,71;3,6;1,33;1,73;5;1,67;3,67;1;1,33;1,8;1,67;2;1200;2;4
71;PORTOVIEJO;CONFECCIONES MIL DETALLES;Cordova y Olmedo;1,09;1;1,4;1;1,82;1,29;3,57;3,5;2;3,67;1,43;3,38;2,86;2,67;1;52 HORAS;2;2,8;1;2;5;1,17;4;1;1;1;2,17;2;300;1,67;4
72;SUCRE;VENTA DE QUESO MUÑOZ;Calle Eloy Alfaro;1,36;1,2;2,4;1;2;2,29;3,14;4,33;2;4,11;3,14;5;2,71;3;1,63;56 HORAS;2;3,6;1,17;1,82;5;2,17;3,67;1;1,5;2,6;2,17;2;1200;2;4
73;SUCRE;TIENDA PINTO;Calle Santisteban y Eloy Alfaro;1,64;1,4;1,6;1,6;1,82;1,43;3,57;3;2;3,67;1,43;4;3,57;3,33;1,75;56 HORAS;2,43;4;1;1,55;5;1,5;4;1,67;1;1,8;1,67;2;1500;1,5;4
74;ROCAFUERTE;TERCENA RODRIGUEZ;Calle 30 de septiembre;1,27;1,2;1,4;1;1,73;2,57;2,29;3,5;1;4,11;2,71;5;2,43;3;1,63;52 HORAS;2,14;3,2;1;1,91;5;1,83;3,67;1;1,17;2,2;2,17;2;1250;1;4
75;ROCAFUERTE;VENTA DE ARROZ SANCHEZ;Valdez;1,36;1;2,2;1;1,73;2,29;4,43;4,33;2;4,11;5;4,75;2,43;3,17;2,13;48 HORAS;2;2;1,17;1,82;5;1,83;3,67;1;1;2;1,83;3;1200;2;4,39
76;ROCAFUERTE;TIENDA JORGITO;Calle Atahualpa y Rocafuerte;2;1;2;1;1,55;1,86;3,43;5;2;4,11;5;5;2,43;3,67;1,75;48 HORAS;1,86;3,6;1,67;1,73;5;2,33;3,67;1;1,33;2,2;2,5;2;1600;2;4,83
77;ROCAFUERTE;CEVICHERIA TUAREZ;Calle Sucre;1,82;1;2,2;1,8;1,18;1,14;4,43;4,33;2;4,56;4;4,13;3,14;3,67;1,88;48 HORAS;1,71;3,4;1,17;1,55;5;2,33;3,67;1;1,17;2,4;2,5;2;1000;2;5
78;ROCAFUERTE;VENTA DE GRANOS DELGADO;La Primavera;1,55;1,8;2,8;1,8;1,18;1,43;3,14;3,5;2;3,33;2,71;5;2,57;3,5;1,5;48 HORAS;1,71;3,2;1;1,64;5;2,17;3,67;1,33;1;2;2,67;2;1000;2;4
79;SUCRE;VENTA DE FRUTAS Y VERDURAS CONFORME;Cañitas - Charapoto;1,64;1,4;1,6;1;1,27;1,29;3,57;3,5;2;3,67;1,29;4;3,29;3,5;1,75;52 HORAS;2;4;1;1,82;5;3,5;4;2;1;1;2,17;2;1200;1,92;4
80;SUCRE;VENTA DE AGUA EN TANQUERO MERO;Charapoto;1,91;1;2,8;1;1,18;1,86;3,14;3,5;2;3,33;4;4,88;2,29;3,67;1,88;52 HORAS;2;3,2;1,33;1,91;5;2;3,67;1;1,67;2,4;2,17;2;800;1;4
81;SUCRE;COMEDOR PURITA;Calle 10 de Agosto - Charapoto;2;1,6;2,8;1,6;1,73;2,57;3,14;3,5;2;3,33;3,14;4,63;2,43;2,67;1,75;48 HORAS;1,71;2,6;1;1,55;5;2,17;3,67;1;2;2;1,67;2;600;1,75;3,94
82;SUCRE;TALLER BRAMEP;San Clemente;1,64;2;2,8;1;1,73;1,57;3,14;3,5;2;3,33;4;5;2,29;2,5;1,75;48 HORAS;1,57;3,2;1;1,64;5;1,67;3,67;1;1,17;2,2;1,83;3;800;1,75;3,94
83;SUCRE;VENTA DE ARROZ MERO;Puerto Cañita - Charapoto;1,55;1,2;2,8;1;1,09;2;3,57;3,5;2;3,33;3,14;5;2,86;3,67;1,88;48 HORAS;1,71;3,4;1,17;2,09;5;2;3,67;1;1,33;2,4;2,17;2;1200;1;3,94
84;SUCRE;VENTA DE MARISCOS CENTENO;Santa Teresa;1,91;1,8;2,2;1;1,73;2;3,57;3;2;3,33;4;5;3;3,17;2;48 HORAS;1,71;3;1;1,91;5;2;4;1;1,5;1,2;2,17;2;1000;2;4
85;ROCAFUERTE;VENTA DE MAIZ VELIZ;Las Peñas;2,09;1,6;2,4;1,6;1,18;1,86;3,57;3,5;2;3,33;4;5;3;3,67;1,88;48 HORAS;1,57;3,6;1;1,64;5;2,33;3,67;1;1,5;1,8;2,17;2;1200;1;4
86;PORTOVIEJO;OPTICA V y L;Av América y calle España;2,27;1,2;1,8;1,4;1,91;2;2,71;4,33;1;4,11;3,86;5;3,29;3,67;1,88;48 HORAS;1,43;2,8;1,5;2;5;2;3,67;1;1,33;2;2,33;1;1200;1,42;4,72
87;SUCRE;VENTA DE ARROZ ZAMBRANO;Cristo Rey - Charapoto;1,27;1,4;3;1,6;1,55;1,86;3,29;5;5;3,67;2,14;4,75;2,57;3,67;1,5;48 HORAS;1,43;3,2;1;2;5;1,83;5;1,33;1,83;1,2;2,33;2;12000;2,08;4,56
88;SUCRE;COMERCIO DE ARROZ MERO;Pasadero;1,45;1,6;2,4;2,4;2,09;0,14;3,57;5;5;4,11;5;5;2,29;4,33;1,88;48 HORAS;1,86;2,8;1;1,91;5;1,67;5;1,33;1,83;2;2,17;3;1600;1;4,67
89;PORTOVIEJO;MANTENIMIENTO DE COMPUTADORAS CESAR;Vía Crucita;1,55;1,4;2;1;2;1,71;3,57;5;5;3,33;5;4,63;2,43;3,17;1,88;52 HORAS;2,29;3;1;1,55;5;1,33;5;1,33;1,83;1,2;2,33;2;1200;2,25;4,89
90;ROCAFUERTE;VENTA DE ARROZ LUCIA;San Eloy ;1;1,2;1;1;1,64;1,71;1;3,5;2;3,67;2;3;2,43;2,33;1,88;52 HORAS;1,43;4;1;1,45;5;1;3,33;1,33;1;1;2,17;2;1200;2;4
91;SUCRE;PANADERIA ZAMBRANO;San Clemente;1,27;1,2;2,4;1,8;2;2,14;3,14;3,5;2;4,11;4;4,63;1,71;2,5;1,63;52 HORAS;2;3,2;1,33;1,82;5;2;3,67;1;1,17;2;2,17;2;800;2;4
92;ROCAFUERTE;COMEDOR LAS PALMAS;La Recta;1,82;1,2;2,2;1;1,73;2;3,57;3,5;2;3,33;3,14;4,63;2,71;2,83;1,75;48 HORAS;1,71;2,8;1;1,45;5;2,17;3,67;1;1,17;2,4;2,17;2;1200;2;3,94
93;ROCAFUERTE;PRODUCTOS LACTEOS MACIAS;Calle Atanacio Santos;1,64;1;2,6;1,6;1,73;1,57;3,57;3,5;2;3,33;3,14;5;2,71;3,67;1,75;48 HORAS;1,71;3,2;1;2,27;5;2,17;4;1,33;1,33;2,2;2,17;2;1200;2;3,94
94;SUCRE;VENTA DE MAIZ OLMEDO;Cañitas - Charapoto;1,55;1;2,4;1,6;1,36;1,43;3,57;3,5;2;3,33;4;5;2,57;3,67;2;48 HORAS;1,71;3,4;1,33;1,82;5;2,17;3,67;1;1,17;2,2;2,33;2;1000;1,75;3,94
95;ROCAFUERTE;TERCENA JAVIER;Puerto Loor;1,55;1,6;2,8;1,6;2,27;2,14;3,57;3,5;2;3,33;2,71;5;2;3,67;1,88;48 HORAS;1,71;3,4;1;1,91;5;1,67;3,67;1,33;1;1,8;2,17;2;1000;1,92;3,94
96;ROCAFUERTE;VENTA DE COCO MARIA;Valdez;1,55;1;2,8;1;1,18;1,43;3,14;3,5;2;3,33;2,71;5;2,57;3,67;1,88;48 HORAS;1,71;3,4;1;1,82;5;1,83;3,67;1;1,17;2,2;2,33;2;1000;1,08;4
97;ROCAFUERTE;LOS ENCEBOLLADOS DE LA TÍA YANET;Calle Manuel J y Pichincha;2;1;2,8;1,4;2,27;1,57;2,71;4,33;1;4,11;5;4,75;2,86;3,33;2;50 HORAS;1,43;2,6;1,83;1,91;5;2,17;3,67;1;2;2,4;2;2;1000;1,92;4,94
98;PORTOVIEJO;PANADERÍA LATIN PAN;Parroquia Abdon Calderon;1,36;1,4;2,4;1,2;1,91;1,71;3,71;5;5;4,11;5;4,25;2;1;1,5;52 HORAS;1,29;2;1;1,73;5;1,33;3,67;1,33;5;1,6;2,33;2;800;1,42;4,44
99;ROCAFUERTE;VENTRA DE LEGUMBRES ZAMBRANO;Calle Pichincha;2;1;2,2;1,8;1,18;1,57;4;3,67;2;4,56;4,43;5;2,86;3,83;2,13;46 HORAS;1,71;3;2;2,36;5;2,17;3,67;1;1,17;2,4;2,67;1;800;2;4,94
100;SUCRE;CONFECCION DE ROPA BERMUDEZ;Charapoto - Eloy Alfaro (Cañitas);1,64;1,6;2,2;1;1,64;1,14;3,57;3,5;2;3,33;4;5;2,29;3,67;1,88;48 HORAS;1,71;2,8;1,33;2;5;2,17;3,67;1,33;1,67;2,2;1,83;2;800;2;3,83
101;ROCAFUERTE;ARTESANIAS EN TAGUA COVEÑA;Sosote de Rocafuerte;1,73;1,4;2,6;1,6;1,18;1,86;4,43;4,33;2;4,56;3,86;4,25;2,14;3;2,25;44 HORAS;1,43;3,4;1;2,09;4,833333333;1,83;3,67;1;1,33;2,4;2,17;3;1500;1,58;4,67
102;PORTOVIEJO;PICANTERÍA JZ;Crucita - Av Principal;2;1,4;2,2;1,8;1,09;1,43;3,14;3,5;2;3,33;4;4,63;2,43;3,33;1,88;52 HORAS;1,71;2,8;1;1,55;5;2,17;3,67;1,33;1,17;2,6;1,67;2;1400;1,67;4
103;PORTOVIEJO;VENTA DE COCO CARREÑO;Rio Chico;2,09;1;2,6;1;1,91;2;3,14;4,33;2;4,56;3,86;5;2,71;3,67;2,13;48 HORAS;1,71;3,8;2;2;5;2;3,67;1;1,33;2;2,33;2;1100;1,92;4,78
104;ROCAFUERTE;COMERCIO DE GANADO RODRIGUEZ;Calle Atahualpa y Atanacio Santos;1,45;1;2,2;1;1,82;1,14;4,43;4,33;2;4,11;5;5;3;3,67;1,88;48 HORAS;2;3;1,17;2;5;2,17;3,67;1;1;2,2;2,17;2;1200;2;4,94
105;SUCRE;VIDRIERÍA FRANCO;Av Las Américas y 10 de agosto;1,91;1,6;2,2;1,6;1,91;2,43;3,86;4,33;2;4,11;4,43;4,63;2,57;3,17;2,25;48 HORAS;1,57;3;2,17;2,18;5;1,67;3,67;1;1,17;2;2,17;3;1000;2;5
106;SUCRE;COMERCIO DE CHANCHO OLMEDO;Manabí y Manuel Davila;1,73;1,4;2,8;1;1,18;1,57;4,14;4,33;2;4,11;3,29;4,63;2,57;3,17;2,25;48 HORAS;1,43;2,8;1,5;1,73;5;2;3,67;1;1;2,4;2,5;2;1500;1,92;4,89
107;ROCAFUERTE;ALMACÉN DE ELECTRODOMESTICO MUÑOZ;Calle 30 de septiembre y Eloy Alfaro;1,91;1,6;2,4;1;1,18;1,86;3,14;4,33;2;3,67;5;5;2,29;3,67;1,88;48 HORAS;1,43;3,8;1,33;1,73;5;2,17;3,67;1;1,17;1,8;2,67;2;1900;1,58;4,89
108;ROCAFUERTE;VENTA DE ARROZ ZAMBRANO;San Eloy ;2;1,2;2,6;1;1,45;1,71;4;4,33;2;4,11;3,86;4,25;1,86;2,83;2,13;45 HORAS;1,57;2,6;2,17;1,91;5;2,5;3,67;1;1,17;2;2,5;3;1100;2;4,61
109;SUCRE;TIENDA SOLORZANO;Tierras Amarillas;2;1,8;2,2;1,2;1,18;1,43;3,57;4,33;1;4,56;3,43;5;3,29;3,67;1,75;54 HORAS;1,86;2,8;1,5;2,27;5;2,33;3,67;1;1,83;2,2;2,33;2;1000;1,75;4,78
110;ROCAFUERTE;VENTA DE CACAO RIVADENEIRA;El Pueblito;1,27;1;1,6;1;1,91;1,29;1;3,5;1;3,67;1;3,75;2,29;3,17;1,75;48 HORAS;2,29;4;1;1,55;5;1,67;4;1;1;1;1,5;2;1300;2;4
111;SUCRE;VENTA DE MARISCO ANCHUNDIA;San Clemente;1,27;1;1;1;2,09;1,43;1;3,67;1;3,67;1;3,75;3;3,17;1,75;52 HORAS;2,14;4;1;1,73;5;1,67;4;1;1;1;1,5;2;1200;1,92;4
112;SUCRE;TIENDA VELEZ;Eloy Alfaro y José Gilces;1,45;2;1,4;1;1,73;2;1;3;2;3,33;1;4;3,71;3,17;1,75;54 HORAS;1,71;4;1;1,64;5;1,17;4;1;1;1;2,17;2;1100;2;4
113;ROCAFUERTE;VENTA DE ARROZ DELGADO;California;1,27;1;1,6;1;1,91;1,43;1;3,5;1;3,67;1;3,5;2,71;3,17;1,75;50 HORAS;2,14;4;1;1,55;5;1,67;4;1;1;1;1,5;2;1200;1,92;4
114;SUCRE;VENTA DE MARISCOS BAILON;San Jacinto;1;1;1;1;1,82;1,14;1;3,5;1;3,67;1;3,63;3;3,17;1,75;52 HORAS;2,14;4;1;1,82;5;1,67;4;2;1;1;1,5;2;1200;1,92;4
115;SUCRE;VENTA DE ARROZ CONFORME ;Pasadero;1,27;1;1,6;1;2;1,14;1;3,5;2;3,67;1;3,75;3;3,5;1,75;48 HORAS;1,43;4;1;1,55;5;1;4;1;1;1;1,5;2;1400;2;4
116;ROCAFUERTE;VENTA DE ARROZ GARCIA;California;1,27;1;1;1;1,18;1,14;1;3,5;2;3,67;1;3,75;3;3,5;1,75;48 HORAS;1,43;4;1;1,55;5;1;4;1;1;1;1,5;2;1300;2;4
117;ROCAFUERTE;VETERINARIA MENDOZA;Atahualpa y Teresa Chávez;2,18;1;2,8;1;1,55;1,57;2,86;4,33;2;4,56;5;5;3,14;4;2,25;48 HORAS;1,57;3,8;1,5;1,82;5;2,17;3,67;1;1,17;1,8;2,83;1;1500;1,75;4,89
118;ROCAFUERTE;VENTA DE ROPA MORALES;Bolívar y 30 de septiembre;2;1,6;1,8;1,2;1,45;2,29;4,43;3,67;2;4,56;3,86;5;2,57;3,67;2;44 HORAS;1,43;3;1;2;5;2,17;3,67;1,67;1,17;2,2;2,33;2;2500;1,42;4,78
119;ROCAFUERTE;MARISQUERIA CUEVA DEL TIM;Atahualpa y Eloy Alfaro;2,09;1,6;2;2;2,27;1,43;3,29;4,33;2;4,11;4,43;4,88;2,57;3,5;1,75;45 HORAS;1,14;2,8;1,67;2,36;5;2,17;3,67;1;1,17;2;2,5;2;1100;2;4,72
120;ROCAFUERTE;JUGOS NATURALES MONTES;Pichincha y Eloy Alfaro;1,27;1,2;1,8;1;1,82;1,43;1,14;3,33;2;3,67;2,71;3,75;2,86;2,83;2,13;48 HORAS;1,43;4;2;1,64;4;2,33;4;1;1;1;2;2;800;2;4
121;SUCRE;VENTA DE MARISCOS BERMUDEZ;San Clemente;1;1;1;1;1,82;1,14;1;3,5;2;3,67;1;3,75;3;3,17;1,75;52 HORAS;1,86;4;1;1,55;5;2;4;1;1;1;1,5;2;1300;2;4
122;ROCAFUERTE;TRANSPORTES ZAMBRANO;Atahualpa y Teresa Chávez;1,27;1,2;1;1;1,45;1,29;2;3,5;1;3,67;2,71;3,75;2,71;2,33;1,5;90 HORAS;2,86;4;1,83;1,45;5;2,33;4;1;1;1;2;2;1200;1,83;3,89
123;ROCAFUERTE;VENTA DE ARROZ;Las Peñas;1,73;1,6;2,6;1,2;1,64;1,71;3,14;3,5;2;4,11;2,29;3,88;2;2,17;2;52 HORAS;2,14;2,6;1;2;5;1,67;3,67;1;1;2;2,33;1;1100;1,75;4,61
124;ROCAFUERTE;VENTA DE CHANCHO PINARGOTE;Guarango;1,55;1;1,6;1,6;1,64;1,43;3,29;4,33;2;3,67;5;4,63;2,29;2,67;1,88;48 HORAS;1,71;2,4;1;2,09;5;2;3,67;1,33;1,17;1,6;2,83;2;1200;1,67;4,78
125;ROCAFUERTE;EBANISTERÍA CEDEÑO;30 de septiembre;1,82;1,8;1,8;1,6;1,91;1,57;4;4,33;2;3,67;5;4;1,86;2,5;2,25;50 HORAS;2,14;2,8;1,33;2,27;5;1,5;3,67;1,67;1,33;2;2,17;2;1000;1,75;4,78
126;ROCAFUERTE;VENTA DE GRANOS MEJÍA;Calle Elias Cedeño;1,64;1,6;2,8;1;1,55;1,43;3,86;3,67;2;4,11;1,86;5;2,71;3,67;2,13;48 HORAS;1,43;2,4;1;2,18;5;2;3,67;1;1,33;1,8;2;1;1100;2;4,61
127;ROCAFUERTE;VENTA DE MAÍZ VÉLEZ;San Jacinto;1,45;1;2,2;1,6;1,18;1,57;3,86;3,67;2;4,11;5;5;2,86;3,67;2,25;48 HORAS;1,43;3;1;2,18;5;2;3,67;1;1,5;1,6;2,33;2;800;1,75;4,72
128;ROCAFUERTE;MECÁNICA ROMI;Calle Atanacio Santos;1,73;1,4;2,4;1,8;1,91;1,57;4,14;4,33;1;3,67;5;4,25;2,14;2,17;1,88;53 HORAS;2;3,2;1;2,09;5;1,33;3,67;1;1,33;1,8;2,67;2;1500;1,75;4,78
129;ROCAFUERTE;TIENDA CEVALLOS;Calle 30 de septiembre y Eloy Alfaro;1,82;1,6;3,2;1,2;1,91;1,86;4,14;4,33;2;4,11;5;5;3;3,67;2;56 HORAS;1,86;3;1;2,18;5;2;3,67;1;1,17;1,6;2,67;2;900;1,83;4,72
130;SUCRE;TIENDA MACAY;Cañitas de Charapoto;1,64;1,6;2,4;1;1,36;1,57;3,86;4,33;2;3,67;5;5;3,14;3,67;2;53 HORAS;1,57;3,2;1;1,73;5;2;3,67;1;1,17;2;2;2;1100;1,75;4,78
131;SUCRE;PELUQUERIA SALAZAR;Calle Eloy Alfaro y Manabí (Charapoto);1,73;1,6;2,6;1;1,64;1,14;4,43;4,33;1;4,11;2,29;3,88;2,71;3;1,88;48 HORAS;1,43;3,2;1;2,09;5;2;3,67;1;1,33;1,8;2,33;1;800;1,75;4,72
132;ROCAFUERTE;TALLER MECÁNICO ZAMBRANO;Atahualpa y Atanacio Santos;1,55;1;2,4;1;1,36;1,57;4,14;4,33;2;3,67;5;3,75;2,29;2,67;2;50 HORAS;2;3,2;1;1,82;5;1,33;3,67;1;1,17;2;2,17;2;1000;2;4,78
133;ROCAFUERTE;COMERCIO DE ARROZ LOOR;El Cerrito;1,73;1,6;2,8;1;1,27;1,86;4,14;4,33;2;3,67;5;5;3;3,67;1,88;48 HORAS;1,57;3,4;1;2,18;5;2;3,67;1;1,33;2,2;2;2;1200;1,92;4,78
134;ROCAFUERTE;VENTA DE COCO;Calle Pichincha;1,91;1,4;2,8;1,4;2,09;1,57;4,14;3,83;2;4,11;4,43;5;2,86;3,17;2;53 HORAS;1,71;3,2;1;2,27;5;1,5;4;1;1,33;2;2,33;3;1000;1,67;4,83
135;ROCAFUERTE;SERVICIOS CONTABLES GARCÍA;AvSucre;1,82;1;2,2;1;1,18;2,29;3,14;3,5;2;3,67;3,14;5;3,43;3;1,63;48 HORAS;1,71;3,6;1,5;1,45;5;1,5;3,67;1;1,17;2,2;2,5;2;1000;2;4
136;ROCAFUERTE;VENTA DE ARROZ RIVERA;Puerto Loor ;2;2;2,8;1,4;2,27;1,71;2,71;3,5;2;3,67;3,57;5;2,29;3,67;2,13;48 HORAS;1,57;3,6;1,17;2,18;5;2,17;3,67;1;1,67;2;3;2;1000;1,83;4
137;SUCRE;BAZAR PINTO;Eloy Alfaro;1,55;1,6;2,8;1,6;1,18;1,14;3,14;3,5;1;3;4;5;2,29;3,17;1,88;48 HORAS;1,71;3,6;1;1,64;5;2,17;3,67;1;1,5;2,4;2,17;2;1000;1,92;4
138;ROCAFUERTE;VENTA DE GALLINAS CRIOLLAS DELGADO;Tres Charcos;1,55;1,4;2,8;1,6;1,64;1,71;3,14;3,5;2;3;4;5;2,43;3,33;1,63;50 HORAS;1,71;3;1;1,82;5;1,83;3,67;1;1,17;2,2;2;2;1000;1,67;4
139;SUCRE;SERVICIOS CONTABLES VIVIANA;Charapoto;1,91;1;2,2;1;1,09;2;3,14;3;2;3,33;3,14;5;3,14;2,67;1,5;48 HORAS;1,71;2,2;1;1,91;5;1,5;3,67;1,33;1,17;2,2;2,17;2;1500;1,75;4
140;ROCAFUERTE;TALLER MECÁNICO GARCÍA;Eloy Alfaro y Santa Gema;1,55;1,4;2,2;1;1,36;1,29;3,14;3,5;2;3,33;4;4,25;2,29;3,67;2;52 HORAS;1,71;3,2;1,33;1,64;5;1,67;3,67;1;1,17;2,4;1,67;2;1200;1,75;4
141;ROCAFUERTE;CONFECCIONES ZAMBRANO;Elias Cedeño Jerves;1,91;1,4;2,8;1;1,45;1,71;2,29;3,5;2;3,33;4;4,25;2,14;3;1,75;52 HORAS;2,14;3;1,17;1,55;5;1,5;3,67;1;1;2,6;1,67;2;1500;1,75;4
142;ROCAFUERTE;CONFECCIONES FREYISMON;Paquisa;1,64;2;2,8;1,4;1,73;2,43;3,14;3,5;2;3;3,57;4,25;2,86;2,17;1,88;48 HORAS;1,71;3;1,5;1,82;5;1,5;3,67;1;1,17;2;2;2;1000;2;4
143;ROCAFUERTE;VENTA DE PRODUCTOS AGRÍCOLAS ZAMBRANO;Calle Pedro Carbo;1,36;1;2,8;2;1,18;1,71;2,71;3,5;2;3,33;3,14;4,88;2,71;3,67;1,75;48 HORAS;1,57;3;1;1,82;5;1,67;3,67;1;1,33;2;2,17;2;1100;2;4
144;SUCRE;TALLER AUTOMOTRIZ GM;Av De las Américas - Charapotó;1,73;1,6;2,6;1,8;1,18;2;3,14;3,5;2;3,33;3,57;4,25;3;3,33;2;48 HORAS;1,71;2,6;1;1,73;5;1,83;3,67;1;1,33;2,4;2,17;2;1000;2;4
145;SUCRE;VENTA DE COCO BERMUDEZ;San Clemente;1,82;2;2,8;2;2;1,43;3,14;3,5;2;3,33;4;5;2,14;3,33;1,63;50 HORAS;1,57;3,2;1,17;1,82;5;2,17;3,67;1;1,33;2,4;2,5;2;1200;1,08;3,94
146;ROCAFUERTE;VETERINARIA MUNDO ANIMAL;Las Jaguas;1,64;1;2,4;1,4;2;2;2,71;3,5;2;3,33;4;5;3,29;3,67;1,88;48 HORAS;1,71;3,2;1,67;1,82;5;1,83;3,67;1;1,5;2,2;2,17;2;1200;1;4
147;ROCAFUERTE;VIVIAN SPORT;Calle Eloy Alfaro;1,91;1;2,8;1,4;1,91;2,57;3,57;3,5;2;3,33;4;4,13;2,71;2;2,13;50 HORAS;1,57;3,4;1;1,64;5;2;3,67;1,33;1,5;2;2,17;2;1100;1,75;4
148;ROCAFUERTE;CAFETERIA ZAMBRANO;Calle Juan Montalvo ;1,91;1,6;2,2;2;1,45;1,43;3,57;3,5;2;3,33;3,14;4,63;2,57;3;2;48 HORAS;1,57;3,6;1;1,82;5;2,17;3,67;1;1;2;2,5;2;800;1,92;4
149;SUCRE;MECÁNICA MERO;Cristo Rey;1,91;1;2,2;1;1,18;1,71;3,43;3,5;2;3,33;4;4,25;2,14;2,83;1,88;50 HORAS;1,57;3,6;1,33;1,91;5;1,83;3,67;1;1,17;2;2,17;2;800;2;3,94
150;ROCAFUERTE;TALLER DE ELECTRÓNICA;Juan Montalbo y Eloy Alfaro;1,55;1,8;2,6;1,8;1,73;2;3,29;4,33;2;4,56;3,86;4,38;2,86;2,83;1,88;52 HORAS;2;3,2;2,17;1,82;5;1,83;4;1;1,33;1,4;2;2;1000;2;4,94
151;ROCAFUERTE;PAPELERÍA ALCÍVAR;San Eloy ;2,27;1,4;2;2,2;1,45;1,71;3,86;4,33;1;4,11;5;5;2,43;3,67;2;48 HORAS;1,57;3;1,5;1,82;5;2,17;3,67;1;1,67;1,8;2,33;1;1300;1,75;5
152;SUCRE;VENTA DE ARROZ;Pasadero;2,09;1,4;2,4;1;1,45;2;3;4,33;1;4,11;3,14;3,63;2,43;3;2,25;52 HORAS;2;3,6;2,17;2;5;1,83;3,67;1;1,17;1,6;2,33;2;1000;2;4,72
153;SUCRE;LOCALES URETA;Calle Eloy Alfaro de Charapoto;2;1;2,8;1,4;2,36;1,57;4,43;4,33;2;4,56;3,86;5;4,57;4,5;2,25;48 HORAS;2,14;3,8;1,67;2,45;5;2,5;4;1;1,5;1,8;2,33;2;800;2;5
154;ROCAFUERTE;VENTA DE GRANOS;San Eloy ;1,91;1,4;2;1;1,18;2,29;4,14;4,33;2;4,56;3,86;5;2,57;3,5;2;48 HORAS;1,43;3,6;2;1,91;5;2,17;3,67;1;1,33;1,8;2,5;2;1000;1;4,89
155;SUCRE;LUBRICANTES MUÑOZ;Anibal San Andres;1,91;1,4;2,2;2;2,18;2,14;3,71;4,33;2;4,11;5;5;2,71;3,67;2,38;48 HORAS;1,57;3,4;1,83;2,09;5;2;3,67;1;1,67;1,8;2,5;2;1000;1,92;4,89
156;ROCAFUERTE;FRIGORÍFICO VÁSQUEZ;Calle Pichincha;1,45;2;2,4;1;2,27;2;2,71;4,33;2;4,56;5;4,25;2,29;3,17;1,88;50 HORAS;1,86;3,4;2,17;1,73;5;1,83;3,67;1;1,17;1,8;2,67;2;1900;2,08;4,94
157;SUCRE;TIENDA VERA;Cañitas;1,55;1;2,8;1;1,18;1,57;3,14;3,5;1;3,33;4;5;3,43;3,67;1,75;52 HORAS;1,71;3,8;1,33;1,91;5;2,5;3,67;1;1;2,2;2,17;2;900;1,83;3,94
158;ROCAFUERTE;VENTA DE GRANOS SANCHEZ;San Andres;1,64;1,8;2,4;1,6;1,64;2,29;3,14;3,5;2;3,33;4;5;2,86;3,67;2;48 HORAS;1,71;3,6;1;2,09;5;2,17;3,67;1,33;1,33;1,6;2,5;2;1500;2;4
159;ROCAFUERTE;COMERCIO DE GANADO ZAMBRANO ;La California;1,64;1,6;2,2;1,4;2;2;3,57;3,5;2;3,33;3,14;5;2;3;2;50 HORAS;1,71;2,8;1;1,64;5;2,17;3,67;1;1,17;2,4;2,17;2;1600;1;4
160;ROCAFUERTE;TALLER DE ELECTRÓNICA ANCHUNDIA;Buenos Aires;1,36;1,4;2,8;1;1,91;1,14;3,14;3,5;2;3,33;4;4,25;2,57;3,67;2,25;48 HORAS;1,57;3;1;1,82;5;1,5;3,67;1;1,5;2,2;2,5;2;1500;2;4
161;ROCAFUERTE;VENTA DE ARROZ JESUS ;Ceibal;1,73;1,2;2,8;1;1,91;2;3,14;3,5;2;3,33;2,71;5;2,43;3,67;2,13;48 HORAS;1,57;3,2;1,17;1,82;5;2,33;3,67;1;1;2;2,17;2;800;1,17;4
162;ROCAFUERTE;VENTA DE ARROZ PALACIO;La California;1,18;1,6;2,4;1;1,73;1,43;3,14;3,5;2;3,33;4;5;2,57;3,67;1,75;48 HORAS;1,71;3;1;2;5;2;3,67;1,33;1;2,4;2,5;1;1000;2;4
163;PORTOVIEJO;CLUB DE NUTRICION HERBALIFE;Parroquia Calderón;1;1;2,8;1,4;1,18;1,86;3,86;5;5;3,67;5;5;2,43;2,5;1,63;48 HORAS;1,86;2,6;1;1,82;5;1,5;3,67;1,33;1,17;1;2;1;700;1,42;4,61
164;PORTOVIEJO;CHOCO GUINEO EMPASTADO;Cordova y Olmedo;1,82;1,6;3,2;1;1,27;1,57;3,71;5;5;4,11;5;5;3;2,67;1,63;50 HORAS;1,43;3;1;2;5;1,5;4;1,33;1;1,2;2,5;2;800;2;4,61
165;PORTOVIEJO;LÁPIDAS CUENCA;Rocafuerte entre Pedro Gual y 10 de Agosto;1,36;2;1,6;1,2;2;1,57;4;5;5;4,56;2;4,38;2,14;2;2;50 HORAS;1,57;3,4;1,83;2;5;1,83;3,67;1;1;1;1,67;2;1100;1,67;4,83
166;PORTOVIEJO;JOAOCELL ;Av Rocafuerte y Pedro Gual;1,55;1,2;2;1,2;1,09;0,14;3,14;5;5;3,33;5;5;2,43;2;2;48 HORAS;1,71;2,6;1;1,73;5;1,67;3,67;1,33;1;1,2;2,33;2;1200;1;4,56
167;PORTOVIEJO;HL FRÍO ;Rocafuerte entre Pedro Gual y 10 de Agosto;1,27;1;2,8;1,2;1,18;1,57;4;5;5;4,11;1,57;5;2,57;1,83;1,63;55 HORAS;1,57;3,4;1;2,18;5;1;3,67;1,67;1;1;1,17;2;600;1,25;3,89
168;PORTOVIEJO;FARMACIA BOLÍVAR;Parroquia Calderón;2,09;1,2;1,2;1;1,73;0,14;3,29;5;5;3,67;5;5;1,57;1,5;1,75;48 HORAS;1,29;3,4;1,33;1,91;5;1,83;3,67;1;1,33;1,4;2,17;2;1200;1,58;5
169;ROCAFUERTE;VENTA DE ARROZ MORA;Puerto Loor ;1,73;1,4;1,6;1,4;1,91;1,86;3,86;5;5;4,11;5;5;2,43;4,17;2,13;48 HORAS;1,71;3,2;1;2,18;5;1,67;5;1;1;2;2,5;2;1000;2,08;4,61
170;SUCRE;TIENDA ZAMBRANO;San Clemente;1,55;1,4;3;2,2;1,36;1,57;3,86;5;5;3,78;5;4,5;1,57;2,17;1,38;50 HORAS;1,29;2,8;1;3,64;5;1,33;5;1,33;2;2,2;2,17;2;1100;1,25;4,78
171;PORTOVIEJO;CONSULTORIO ODONTOLÓGICO GEMA ROMERO;Parroquia Calderón;1,27;1,2;1,8;1;1,91;2;3,71;5;5;3,33;5;4,25;2,43;3,67;2;48 HORAS;1,43;2,8;1;1,64;5;1,5;5;1;1;1,2;1,67;2;1000;1,58;4,67
172;PORTOVIEJO;"COMERCIAL ""PAEZ AYALA""";15de Abril y Venezuela (Terminal);1,64;1;2,2;1,2;1,73;0,14;2,71;3,5;2;3,33;4;5;2,14;3,33;1,88;48 HORAS;1,71;3;1;1,91;5;2,17;3,67;1;1;2,2;2,17;2;1100;2;4
173;PORTOVIEJO;CALZADOS GUILLEN;Parroquia Abdon Calderon;1,27;1,2;2,8;1;0,09;0,14;3,14;3,5;2;3,33;4;5;2;3,67;1,88;55 HORAS;2,14;3,4;1;1,82;5;2,17;3,67;1;1,33;2,2;2,17;2;800;2;4
174;PORTOVIEJO;CALZADOS DE NIURKA;Parroquia Abdon Calderon;1,27;1,6;2,4;1,6;0,09;0,14;3,14;3;2;3,33;4;5;2,29;3,67;1,88;54 HORAS;1,57;3,2;1;1,64;5;2,17;3,67;1;1,33;2,2;2,17;2;600;2;4
175;PORTOVIEJO;EL TALBATELERO DANNA ;Parroquia Calderón;1,36;1,6;2,2;1,6;1,18;1,57;3,14;3,5;2;3,33;4;4;2,29;3,67;2,25;56 HORAS;1,71;3,4;1,17;1,45;5;2,5;3,67;1;1,17;2,4;1,67;3;600;2;3,94
176;PORTOVIEJO;EL COLORADO ;Parroquia Abdon Calderon;1,18;1,2;1,6;1,6;2;0,14;3,14;3,5;2;3;4;5;2,14;3,67;1,75;56 HORAS;2;3;1,67;2;5;1,5;3,67;1;1;1;2,5;1;600;1,92;4
177;PORTOVIEJO;BAZAR FRANJARI;Parroquia Abdon Calderon;1,45;1,8;2,2;1,4;0,09;0,14;2,71;3,5;1;3,33;4;5;2,14;3,5;2;56 HORAS;2,14;3;1,5;1,82;5;2,17;4;1;1,17;2,2;1,83;2;800;1,92;3,89
178;PORTOVIEJO;RESTAURANTE LISMAR;Parroquia Abdon Calderon;1,27;1,4;2,4;1,6;2;2;2,71;3,5;2;3,33;3,14;4,63;1,86;3,33;1,75;54 HORAS;1,71;2,8;1,17;1,82;5;1,5;4;1,33;1,17;2,2;2;2;500;1,75;4
179;PORTOVIEJO;EXCLUSIVIDADES MARILYN;Parroquia Abdon Calderon;1,27;1,8;2,2;1;2;0,14;2,71;3,5;2;3,33;4;5;2,29;3,67;1,88;56 HORAS;1,71;3,6;1,83;1,64;5;2,17;4;1;1,33;2,2;2;2;200;1,83;4
180;PORTOVIEJO;SERVICIO TÉCNICO CAR-CELL;Parroquia Calderón;1,55;1,6;1,8;1;0,09;2;3,14;3,5;2;3,33;4;5;2,57;3,67;1,88;40 HORAS;1,71;3,4;1;1,82;5;1,83;3,67;1;1,33;2,2;2,5;2;500;2;4
181;PORTOVIEJO;TODO EN PAPELERÍA;Calle Constantino Mendoza y Chile;1,73;1;2,8;1;2;0,14;3,14;3,5;2;3,33;4;5;2,71;3,5;1,88;53 HORAS;1,71;3,4;2,17;1,82;5;2,17;3,67;1;1;2,2;2;2;2200;2;3,94
182;PORTOVIEJO;"IMPRENTA Y GRÁFICAS ""ERIKA""";Callejón 5 de junio ;1,73;2;2,2;1,6;1,45;0,14;3,57;3,5;2;3,33;3,14;5;2,14;3,67;2;54 HORAS;1,57;3,6;1;1,82;5;2;3,67;1;1,33;2;2;2;800;2;4
183;PORTOVIEJO;CENTRO ÓPTICO INTRIAGO;Ramos Iduarte y Olmedo;1,73;1;2,8;1;1,73;1,57;3,57;3,5;2;3,33;4;5;2,57;2,83;1,88;48 HORAS;1,57;3,2;1;1,45;5;1,5;3,33;1;1;2,4;2;2;2500;1,83;4
184;PORTOVIEJO;"IMPRENTA ""SAMARI""";Calle América y Av Del ejército;1,91;1,8;1,8;2;1,18;2;3,14;3,5;2;3,33;4;5;2,14;2,83;1,75;53 HORAS;1,71;3,2;1,17;1,64;5;2,17;4;1;1,17;2,2;2;2;1300;1,92;4
185;PORTOVIEJO;DISTRIBUIDORA VELMACI;Av 5 de junio ;1,73;1;2,4;1,6;0,09;0,14;2,71;3,5;2;3;4;5;2;3,67;1,75;52 HORAS;1,71;3,2;1;1,45;5;2,33;3,67;1;1;2,2;2;2;1500;2;4
186;PORTOVIEJO;PAPELERÍA MERCY;Av del ejército y Manta;1,82;1;2,2;1;0,09;0,14;3,14;3,5;2;3,33;4;5;2,29;3,17;1,75;53 HORAS;1,86;3,2;1;1,55;5;2,17;3,67;1;1,5;2,6;2;2;600;1,92;4
187;PORTOVIEJO;MUNDO DEL LIBRO MENDOZA;Av del ejército y novena transversal;1,27;1,2;2,2;1;1,73;0,14;3,14;3,5;2;3,33;4;5;2,43;3,67;1,63;53 HORAS;1,57;3,6;1;1,64;5;2,17;3,67;1;1,17;2;2,5;2;700;2;4
188;PORTOVIEJO;ALMACÉN CENTRO AGROVETERINARIO ;Alajuela y Ricaurte;1,36;1,6;2,8;1,6;1,73;0,14;3,14;3,5;2;3;4;5;2,57;3,67;1,88;53 HORAS;1,57;3,6;1;1,45;5;1,5;3,67;1;1;2,4;2;2;800;2;4
189;PORTOVIEJO;FERRETERÍA LOOR;Av Universitaria y Rotonda;1,91;1;2,8;1;1,18;1,57;3,14;3,5;2;3,33;4;5;2,29;3,17;1,88;52 HORAS;1,57;3,2;1;1,64;5;2,17;3,67;1;1;2,2;2;2;1700;2;4
190;PORTOVIEJO;D' LENS (DISTRIBUIDOR ÓPTICO);Av Bolivariana y México;1,64;1,6;2,2;1,6;2;0,14;3,14;3,5;2;3,33;4;5;2,14;3,17;1,88;48 HORAS;1,71;3,8;1,33;1,64;5;1,5;3,67;1;1,17;2,4;2,17;2;1500;1,92;4
191;PORTOVIEJO;EXCLUSIVIDADES AMBAR;Manabí y Alajuela y Quito;1,91;1;2,2;1;0,09;0,14;3,14;3,5;1;3,33;4;5;2,43;3,67;1,88;48 HORAS;1,71;3,6;1;1,45;5;2,17;3,67;1;1;2;2;2;800;1,92;4
192;PORTOVIEJO;SU FARMACIA;Av Universitaria y Educadores;1,36;1,2;2,2;1;1,18;1,43;3,57;3,5;2;3,33;4;5;2,43;3,67;2,13;53 HORAS;1,71;3,2;1;1,45;5;1,83;3,67;1;1;2,2;2,17;2;1000;1,83;4
193;PORTOVIEJO;CRABIS HOUSE;Santos y Av Reales Tamarindos;1,73;1,6;2,2;1;1,73;0,14;3,14;3,5;2;3,33;3,57;4,63;2;3;1,75;53 HORAS;1,71;2,8;1,17;1,82;5;1,5;3,67;1;1,17;2,4;1,83;2;1100;1,58;4
194;PORTOVIEJO;PARRILLADA NIÑO ACOSTA ;Vía Crucita;1,73;1,6;3;1,6;1,73;0,14;3,14;3,5;2;3;4;5;1,71;3;1,88;48 HORAS;1,71;3,2;1;1,45;5;1,83;3,67;1,33;1,17;2,4;2;2;1500;1,58;4
195;PORTOVIEJO;SALCHICHERIA CASA DON RIGO;Parroquia Abdon Calderon;1,64;1;2,4;1;1,18;1,71;3,14;3,5;2;3,33;4;5;2;3,67;1,75;52 HORAS;2,14;3;1,5;1,73;5;2;3,67;1;1,33;2,4;2,17;2;1100;2;4
196;PORTOVIEJO;DON KLEPER;Calle Chile y Alajuela;1,55;1,2;2,8;1,6;1,73;0,14;3,14;3,5;2;3,33;4;5;2,43;3,67;1,75;48 HORAS;1,71;3,4;1,17;1,82;5;2,17;3,67;1;1,33;2,4;2,17;2;800;2;4
197;PORTOVIEJO;FERRETERIA MISTER JOTITA;Parroquia Abdon Calderon;1,45;1;2,2;1;1,18;2;3,14;3,5;2;3,33;4;5;2,29;3,67;2;48 HORAS;1,71;3,4;1;1,45;5;2,17;3,67;1;1,17;2;2;2;2000;2;4
198;PORTOVIEJO;CELULARES PAEZ;Calle Venezuela y Av del ejército (Terminal Terrestre);1,73;1,2;2,2;1;1,73;0,14;3,14;3,5;2;3,33;4;5;2,71;3,5;1,63;53 HORAS;1,57;3;1;1,82;5;2,17;3,67;1;1;2,6;2;2;2500;1,92;4
199;PORTOVIEJO;FERRETERÍA LA PALA;Alajuela y García Moreno;1,91;1,6;2,8;1,6;1,45;1,71;2,71;3,5;2;3,67;4;5;2,14;3,33;1,75;52 HORAS;1,71;3,6;1;1,64;5;2,5;3,67;1;1;2;2;2;2300;1,58;4
200;PORTOVIEJO;PIZZA ITALISIMA;5 de Junio y Callejón Robles;1,82;1,6;2,8;1,6;1,45;1,57;3,14;3,5;2;3;4;4,63;1,86;3,67;1,75;53 HORAS;1,71;3,4;1,67;1,64;5;1,67;3,67;1;1,17;2,2;2;2;1000;2;4
